Subject_group_Ger,Subject_group_EN,Subject_area_Ger,Subject_area_EN,Subject_Ger,Subject_EN,Subject_code
Geisteswissenschaften,Humanities,Geisteswissenschaften allgemein,Humanities (general),Interdisz.Studien (Schwerpunkt Geisteswissenschaften),Interdisciplinary Studies (specialising in Humanities),4
Geisteswissenschaften,Humanities,Geisteswissenschaften allgemein,Humanities (general),Lernbereich Geisteswissenschaften,Area of study: Humanities,90
Geisteswissenschaften,Humanities,"Evang. Theologie, -Religionslehre","Protestant Theology, Protes. Religious Education",Diakoniewissenschaft,Pastoral Care Studies,161
Geisteswissenschaften,Humanities,"Evang. Theologie, -Religionslehre","Protestant Theology, Protes. Religious Education","Ev. Religionspädagogik, kirchliche Bildungsarbeit","Protestant Religious Pedagogy, Church Educat. Work",544
Geisteswissenschaften,Humanities,"Evang. Theologie, -Religionslehre","Protestant Theology, Protes. Religious Education","Evangelische Theologie, - Religionslehre","Protestant Theology, Protes. Religious Education",53
Geisteswissenschaften,Humanities,"Kath. Theologie, -Religionslehre","Catholic Theology, Catholic Religious Education",Caritaswissenschaft,Caritas Science,162
Geisteswissenschaften,Humanities,"Kath. Theologie, -Religionslehre","Catholic Theology, Catholic Religious Education","Kath. Religionspäd., kirchliche Bildungsarbeit","Catholic Religious Pedagogy, Church Educat. Work",545
Geisteswissenschaften,Humanities,"Kath. Theologie, -Religionslehre","Catholic Theology, Catholic Religious Education","Katholische Theologie, - Religionslehre","Catholic Theology, Catholic Religious Education",86
Geisteswissenschaften,Humanities,Philosophie,Philosophy,Ethik,Ethics,169
Geisteswissenschaften,Humanities,Philosophie,Philosophy,Philosophie,Philosophy,127
Geisteswissenschaften,Humanities,Philosophie,Philosophy,Religionswissenschaft,Religious Studies,136
Geisteswissenschaften,Humanities,Geschichte,History,Alte Geschichte,Ancient History,272
Geisteswissenschaften,Humanities,Geschichte,History,Archäologie,Archaeology,12
Geisteswissenschaften,Humanities,Geschichte,History,Geschichte,History,68
Geisteswissenschaften,Humanities,Geschichte,History,Mittlere und neuere Geschichte,Medieval and Modern History,273
Geisteswissenschaften,Humanities,Geschichte,History,Ur- und Frühgeschichte,Prehistory and Early History,548
Geisteswissenschaften,Humanities,Geschichte,History,Wirtschafts-/Sozialgeschichte,Economic/Social History,183
Geisteswissenschaften,Humanities,Geschichte,History,Wissenschaftsgeschichte/Technik-geschichte,History of Science/History of Technology,275
Geisteswissenschaften,Humanities,Informations- und Bibliothekswissenschaften,Information and Library Sciences,Informations- und Bibliothekswissenschaften,Information and Library Sciences,22
Geisteswissenschaften,Humanities,Informations- und Bibliothekswissenschaften,Information and Library Sciences,Archiv- und Dokumentationswissenschaft,Archival and Documentation Science,37
Geisteswissenschaften,Humanities,Allgemeine und vergleichende Literatur- und Sprachwissenschaft,General and Comparative Literary Studies and Linguistics,Allgemeine Literaturwissenschaft,General Literary Studies,188
Geisteswissenschaften,Humanities,Allgemeine und vergleichende Literatur- und Sprachwissenschaft,General and Comparative Literary Studies and Linguistics,Allgemeine Sprachwissenschaft/Indogermanistik,General Linguistics/Indo-European Studies,152
Geisteswissenschaften,Humanities,Allgemeine und vergleichende Literatur- und Sprachwissenschaft,General and Comparative Literary Studies and Linguistics,Angewandte Sprachwissenschaft,Applied Linguistics,284
Geisteswissenschaften,Humanities,Allgemeine und vergleichende Literatur- und Sprachwissenschaft,General and Comparative Literary Studies and Linguistics,Berufsbezogene Fremdsprachenausbildung,Occupation-specific Foreign Language Training,18
Geisteswissenschaften,Humanities,Allgemeine und vergleichende Literatur- und Sprachwissenschaft,General and Comparative Literary Studies and Linguistics,Computerlinguistik,Computer Linguistics,160
Geisteswissenschaften,Humanities,"Altphilologie (klass. Philologie), Neugriechisch","Classical Philology, Modern Greek",Byzantinistik,Byzantine Studies,31
Geisteswissenschaften,Humanities,"Altphilologie (klass. Philologie), Neugriechisch","Classical Philology, Modern Greek",Griechisch,Greek,70
Geisteswissenschaften,Humanities,"Altphilologie (klass. Philologie), Neugriechisch","Classical Philology, Modern Greek",Klassische Philologie,Classical Philology,5
Geisteswissenschaften,Humanities,"Altphilologie (klass. Philologie), Neugriechisch","Classical Philology, Modern Greek",Latein,Latin,95
Geisteswissenschaften,Humanities,"Altphilologie (klass. Philologie), Neugriechisch","Classical Philology, Modern Greek",Neugriechisch,Modern Greek,43
Geisteswissenschaften,Humanities,"Germanistik (Deutsch, germanische Sprachen ohne Anglistik)","German Studies (German, Germanic Languages excl. English)",Dänisch,Danish,34
Geisteswissenschaften,Humanities,"Germanistik (Deutsch, germanische Sprachen ohne Anglistik)","German Studies (German, Germanic Languages excl. English)",Deutsch als Fremdsprache oder als Zweitsprache,German as a Foreign or Second Language,271
Geisteswissenschaften,Humanities,"Germanistik (Deutsch, germanische Sprachen ohne Anglistik)","German Studies (German, Germanic Languages excl. English)",Germanistik/Deutsch,German Studies/German,67
Geisteswissenschaften,Humanities,"Germanistik (Deutsch, germanische Sprachen ohne Anglistik)","German Studies (German, Germanic Languages excl. English)",Niederdeutsch,Low German,189
Geisteswissenschaften,Humanities,"Germanistik (Deutsch, germanische Sprachen ohne Anglistik)","German Studies (German, Germanic Languages excl. English)",Niederländisch,Dutch,119
Geisteswissenschaften,Humanities,"Germanistik (Deutsch, germanische Sprachen ohne Anglistik)","German Studies (German, Germanic Languages excl. English)","Nordistik/Skandinavist.(Nord.Phil.,Einzelsp.a.n.g)","Nordic/Scand. St. (Nord. Phil., ind. lang. n.e.c.)",120
Geisteswissenschaften,Humanities,"Anglistik, Amerikanistik","English Studies, American Studies",Amerikanistik/Amerikakunde,American Studies,6
Geisteswissenschaften,Humanities,"Anglistik, Amerikanistik","English Studies, American Studies",Anglistik/Englisch,English Studies,8
Geisteswissenschaften,Humanities,Romanistik,Romance Studies,Französisch,French,59
Geisteswissenschaften,Humanities,Romanistik,Romance Studies,Italienisch,Italian,84
Geisteswissenschaften,Humanities,Romanistik,Romance Studies,Portugiesisch,Portuguese,131
Geisteswissenschaften,Humanities,Romanistik,Romance Studies,"Romanistik (Roman.Philologie,Einzelsprach. a.n.g.)","Romance Studies (Rom. Phil., indiv. lang. n.e.c.)",137
Geisteswissenschaften,Humanities,Romanistik,Romance Studies,Spanisch,Spanish,150
Geisteswissenschaften,Humanities,"Slawistik, Baltistik, Finno-Ugristik","Slavic, Baltic, Finno-Ugrian Studies",Baltistik,Baltic Studies,16
Geisteswissenschaften,Humanities,"Slawistik, Baltistik, Finno-Ugristik","Slavic, Baltic, Finno-Ugrian Studies",Finno-Ugristik,Finno-Ugrian Studies,56
Geisteswissenschaften,Humanities,"Slawistik, Baltistik, Finno-Ugristik","Slavic, Baltic, Finno-Ugrian Studies",Polnisch,Polish,206
Geisteswissenschaften,Humanities,"Slawistik, Baltistik, Finno-Ugristik","Slavic, Baltic, Finno-Ugrian Studies",Russisch,Russian,139
Geisteswissenschaften,Humanities,"Slawistik, Baltistik, Finno-Ugristik","Slavic, Baltic, Finno-Ugrian Studies",Slawistik (Slawische Philologie),Slavic Studies (Slavic Philology),146
Geisteswissenschaften,Humanities,"Slawistik, Baltistik, Finno-Ugristik","Slavic, Baltic, Finno-Ugrian Studies",Sorabistik,Sorbian Studies,207
Geisteswissenschaften,Humanities,"Slawistik, Baltistik, Finno-Ugristik","Slavic, Baltic, Finno-Ugrian Studies","Südslawisch(Bulgarisch,Serbokroatisch,Slowen.usw.)","South Slavic (Bulgar., Serbo-Croat., Slovene etc.)",153
Geisteswissenschaften,Humanities,"Slawistik, Baltistik, Finno-Ugristik","Slavic, Baltic, Finno-Ugrian Studies",Tschechisch,Czech,209
Geisteswissenschaften,Humanities,"Slawistik, Baltistik, Finno-Ugristik","Slavic, Baltic, Finno-Ugrian Studies",Westslawisch (allgemein und a.n.g.),Western Slavic (general and n.e.c.),130
Geisteswissenschaften,Humanities,Sonstige Sprach- und Kulturwissenschaften,Other linguistic and cultural studies,Ägyptologie,Egyptology,1
Geisteswissenschaften,Humanities,Sonstige Sprach- und Kulturwissenschaften,Other linguistic and cultural studies,Afrikanistik,African Studies,2
Geisteswissenschaften,Humanities,Sonstige Sprach- und Kulturwissenschaften,Other linguistic and cultural studies,Arabisch/Arabistik,Arabic/Arabic Studies,10
Geisteswissenschaften,Humanities,Sonstige Sprach- und Kulturwissenschaften,Other linguistic and cultural studies,Außereurop. Sprachen und Kult. in Ozeanien und Am.,Non-Europ. Lang. and Cult. in Oceania and America,15
Geisteswissenschaften,Humanities,Sonstige Sprach- und Kulturwissenschaften,Other linguistic and cultural studies,Judaistik/Hebräisch,Judaic Studies/Hebrew,73
Geisteswissenschaften,Humanities,Sonstige Sprach- und Kulturwissenschaften,Other linguistic and cultural studies,Indologie,Indology,78
Geisteswissenschaften,Humanities,Sonstige Sprach- und Kulturwissenschaften,Other linguistic and cultural studies,Iranistik,Iranian Studies,81
Geisteswissenschaften,Humanities,Sonstige Sprach- und Kulturwissenschaften,Other linguistic and cultural studies,Islamwissenschaft,Islamic Studies,83
Geisteswissenschaften,Humanities,Sonstige Sprach- und Kulturwissenschaften,Other linguistic and cultural studies,Japanologie,Japanese Studies,85
Geisteswissenschaften,Humanities,Sonstige Sprach- und Kulturwissenschaften,Other linguistic and cultural studies,Kaukasistik,Caucasian Studies,180
Geisteswissenschaften,Humanities,Sonstige Sprach- und Kulturwissenschaften,Other linguistic and cultural studies,"Orientalistik, Altorientalistik","Oriental Studies, Ancient Oriental Studies",122
Geisteswissenschaften,Humanities,Sonstige Sprach- und Kulturwissenschaften,Other linguistic and cultural studies,Sinologie/Koreanistik,Sinology/Korean Studies,145
Geisteswissenschaften,Humanities,Sonstige Sprach- und Kulturwissenschaften,Other linguistic and cultural studies,Turkologie,Turkish Studies,158
Geisteswissenschaften,Humanities,Sonstige Sprach- und Kulturwissenschaften,Other linguistic and cultural studies,Asiatische Sprachen u.Kulturen/Asienwissenschaften,Asian Languages and Cultures/Asian Studies,187
Geisteswissenschaften,Humanities,Kulturwissenschaften i.e.S.,Cultural Studies in the narrower sense,Europäische Ethnologie und Kulturwissenschaft,European Ethnology and Cultural Studies,24
Geisteswissenschaften,Humanities,Kulturwissenschaften i.e.S.,Cultural Studies in the narrower sense,Ethnologie,Ethnology,173
Geisteswissenschaften,Humanities,Kulturwissenschaften i.e.S.,Cultural Studies in the narrower sense,Volkskunde,Folklore,174
Geisteswissenschaften,Humanities,Islamische Studien/Islamische Theologie,Islamic Studies/Islamic Theology,Islamische Studien/Islamische Theologie,Islamic Studies/Islamic Theology,292
Geisteswissenschaften,Humanities,Medienwissenschaft,Media Science,Medienwissenschaft,Media Science,302
Sport,Sports,"Sport, Sportwissenschaft","Sports, Sports Science",Sportpädagogik/Sportpsychologie,Sports Education/Sports Psychology,98
Sport,Sports,"Sport, Sportwissenschaft","Sports, Sports Science",Sportwissenschaft,Sports Science,29
"Rechts-, Wirtschafts- und Sozialwissenschaften","Law, Economics and Social Sciences","Rechts-, Wirtschafts- und Sozialwissenschaften allgemein","Law, Economics and Social Sciences (general)","Interdisz.Studien(Schwerp.Rechts-,Wirt.-u. Sozialw)","Interdisc. St. (spec. in Law, Econ. and Soc. Sci.)",30
"Rechts-, Wirtschafts- und Sozialwissenschaften","Law, Economics and Social Sciences","Rechts-, Wirtschafts- und Sozialwissenschaften allgemein","Law, Economics and Social Sciences (general)",Lernbereich Gesellschaftslehre,Area of study: Social Studies,154
"Rechts-, Wirtschafts- und Sozialwissenschaften","Law, Economics and Social Sciences",Regionalwissenschaften,Regional Studies,Lateinamerika-Studien,Latin American Studies,38
"Rechts-, Wirtschafts- und Sozialwissenschaften","Law, Economics and Social Sciences",Regionalwissenschaften,Regional Studies,Ost- und Südosteuropa-Studien,East and Southeast European Studies,44
"Rechts-, Wirtschafts- und Sozialwissenschaften","Law, Economics and Social Sciences",Regionalwissenschaften,Regional Studies,Sonstige Regionalwissenschaften,Other regional studies,36
"Rechts-, Wirtschafts- und Sozialwissenschaften","Law, Economics and Social Sciences",Politikwissenschaft,Political Science,Politikwissenschaft/Politologie,Political Science,129
"Rechts-, Wirtschafts- und Sozialwissenschaften","Law, Economics and Social Sciences",Sozialwissenschaften/Soziologie,Social Sciences/Sociology,Sozialkunde,Social Studies,147
"Rechts-, Wirtschafts- und Sozialwissenschaften","Law, Economics and Social Sciences",Sozialwissenschaften/Soziologie,Social Sciences/Sociology,Sozialwissenschaften,Social Sciences,148
"Rechts-, Wirtschafts- und Sozialwissenschaften","Law, Economics and Social Sciences",Sozialwissenschaften/Soziologie,Social Sciences/Sociology,Soziologie,Sociology,149
"Rechts-, Wirtschafts- und Sozialwissenschaften","Law, Economics and Social Sciences",Sozialwesen,Applied Social Science,Soziale Arbeit,Social Work,208
"Rechts-, Wirtschafts- und Sozialwissenschaften","Law, Economics and Social Sciences",Sozialwesen,Applied Social Science,Sozialpädagogik,Social Pedagogy,245
"Rechts-, Wirtschafts- und Sozialwissenschaften","Law, Economics and Social Sciences",Sozialwesen,Applied Social Science,Sozialwesen,Applied Social Science,253
"Rechts-, Wirtschafts- und Sozialwissenschaften","Law, Economics and Social Sciences",Rechtswissenschaften,Law,Rechtswissenschaft,Law,135
"Rechts-, Wirtschafts- und Sozialwissenschaften","Law, Economics and Social Sciences",Rechtswissenschaften,Law,Wirtschaftsrecht,Business Law,42
"Rechts-, Wirtschafts- und Sozialwissenschaften","Law, Economics and Social Sciences",Verwaltungswissenschaften,Administrative Sciences,Arbeits- und Berufsberatung,Occupational Guidance and Career Counselling,257
"Rechts-, Wirtschafts- und Sozialwissenschaften","Law, Economics and Social Sciences",Verwaltungswissenschaften,Administrative Sciences,Arbeitsverwaltung,Labour Administration,258
"Rechts-, Wirtschafts- und Sozialwissenschaften","Law, Economics and Social Sciences",Verwaltungswissenschaften,Administrative Sciences,Archivwesen,Archive Studies,255
"Rechts-, Wirtschafts- und Sozialwissenschaften","Law, Economics and Social Sciences",Verwaltungswissenschaften,Administrative Sciences,Auswärtige Angelegenheiten,Foreign Affairs Administration,259
"Rechts-, Wirtschafts- und Sozialwissenschaften","Law, Economics and Social Sciences",Verwaltungswissenschaften,Administrative Sciences,Bankwesen,Banking,265
"Rechts-, Wirtschafts- und Sozialwissenschaften","Law, Economics and Social Sciences",Verwaltungswissenschaften,Administrative Sciences,Bibliothekswesen,Librarianship,262
"Rechts-, Wirtschafts- und Sozialwissenschaften","Law, Economics and Social Sciences",Verwaltungswissenschaften,Administrative Sciences,Bundeswehrverwaltung,Armed Forces Administration,260
"Rechts-, Wirtschafts- und Sozialwissenschaften","Law, Economics and Social Sciences",Verwaltungswissenschaften,Administrative Sciences,Finanzverwaltung,Financial Administration,266
"Rechts-, Wirtschafts- und Sozialwissenschaften","Law, Economics and Social Sciences",Verwaltungswissenschaften,Administrative Sciences,Innere Verwaltung,Internal Administration,261
"Rechts-, Wirtschafts- und Sozialwissenschaften","Law, Economics and Social Sciences",Verwaltungswissenschaften,Administrative Sciences,Justizvollzug,Law Enforcement,168
"Rechts-, Wirtschafts- und Sozialwissenschaften","Law, Economics and Social Sciences",Verwaltungswissenschaften,Administrative Sciences,Polizei/Verfassungsschutz,Police/Protection of the Constitution,263
"Rechts-, Wirtschafts- und Sozialwissenschaften","Law, Economics and Social Sciences",Verwaltungswissenschaften,Administrative Sciences,Rechtspflege,Administration of Justice,256
"Rechts-, Wirtschafts- und Sozialwissenschaften","Law, Economics and Social Sciences",Verwaltungswissenschaften,Administrative Sciences,Sozialversicherung,Social Security Administration,264
"Rechts-, Wirtschafts- und Sozialwissenschaften","Law, Economics and Social Sciences",Verwaltungswissenschaften,Administrative Sciences,Verkehrswesen,Transportation Systems,268
"Rechts-, Wirtschafts- und Sozialwissenschaften","Law, Economics and Social Sciences",Verwaltungswissenschaften,Administrative Sciences,Verwaltungswissenschaft/-wesen,Administrative Science/Public Administration,172
"Rechts-, Wirtschafts- und Sozialwissenschaften","Law, Economics and Social Sciences",Verwaltungswissenschaften,Administrative Sciences,Zoll- und Steuerverwaltung,Customs and Tax Administration,269
"Rechts-, Wirtschafts- und Sozialwissenschaften","Law, Economics and Social Sciences",Wirtschaftswissenschaften,Business and Economics ,Arbeitslehre/Wirtschaftslehre,Work Studies/Business Studies,11
"Rechts-, Wirtschafts- und Sozialwissenschaften","Law, Economics and Social Sciences",Wirtschaftswissenschaften,Business and Economics ,Betriebswirtschaftslehre,Business Administration,21
"Rechts-, Wirtschafts- und Sozialwissenschaften","Law, Economics and Social Sciences",Wirtschaftswissenschaften,Business and Economics ,Europäische Wirtschaft,European Economic Studies,167
"Rechts-, Wirtschafts- und Sozialwissenschaften","Law, Economics and Social Sciences",Wirtschaftswissenschaften,Business and Economics ,Medienwirtschaft/Medienmanagement,Media Economics/Media Management,304
"Rechts-, Wirtschafts- und Sozialwissenschaften","Law, Economics and Social Sciences",Wirtschaftswissenschaften,Business and Economics ,Internationale Betriebswirtschaft/Management,International Business Studies/Management,182
"Rechts-, Wirtschafts- und Sozialwissenschaften","Law, Economics and Social Sciences",Wirtschaftswissenschaften,Business and Economics ,Sportmanagement/Sportökonomie,Sports Management/Sports Economics,166
"Rechts-, Wirtschafts- und Sozialwissenschaften","Law, Economics and Social Sciences",Wirtschaftswissenschaften,Business and Economics ,Tourismuswirtschaft,Tourism Management,274
"Rechts-, Wirtschafts- und Sozialwissenschaften","Law, Economics and Social Sciences",Wirtschaftswissenschaften,Business and Economics ,Verkehrswirtschaft,Transport Economics,210
"Rechts-, Wirtschafts- und Sozialwissenschaften","Law, Economics and Social Sciences",Wirtschaftswissenschaften,Business and Economics ,Volkswirtschaftslehre,Economics,175
"Rechts-, Wirtschafts- und Sozialwissenschaften","Law, Economics and Social Sciences",Wirtschaftswissenschaften,Business and Economics ,Wirtschaftspädagogik,Business and Economics Education,181
"Rechts-, Wirtschafts- und Sozialwissenschaften","Law, Economics and Social Sciences",Wirtschaftswissenschaften,Business and Economics ,Wirtschaftswissenschaften,Business and Economics,184
"Rechts-, Wirtschafts- und Sozialwissenschaften","Law, Economics and Social Sciences",Wirtschaftsingenieurwesen mit wirtschaftswissenschaftlichem Schwerpunkt,Business Engineering specialising in Economics,Facility Management,Facility Management,464
"Rechts-, Wirtschafts- und Sozialwissenschaften","Law, Economics and Social Sciences",Wirtschaftsingenieurwesen mit wirtschaftswissenschaftlichem Schwerpunkt,Business Engineering specialising in Economics,Wirtschaftsingenieurw.m.wirtschafts-wiss.Schwerpkt.,Business Engineering specialising in Economics,179
"Rechts-, Wirtschafts- und Sozialwissenschaften","Law, Economics and Social Sciences",Psychologie,Psychology,Psychologie,Psychology,132
"Rechts-, Wirtschafts- und Sozialwissenschaften","Law, Economics and Social Sciences",Erziehungswissenschaften,Educational Sciences,Ausländerpädagogik,Immigrant Education,117
"Rechts-, Wirtschafts- und Sozialwissenschaften","Law, Economics and Social Sciences",Erziehungswissenschaften,Educational Sciences,Berufs- und Wirtschaftspädagogik,"Vocational, Business and Economics Education",270
"Rechts-, Wirtschafts- und Sozialwissenschaften","Law, Economics and Social Sciences",Erziehungswissenschaften,Educational Sciences,Erwachsenenbildung und außerschulische Jugendbild.,Adult Education and Extracurricular Youth Educat.,321
"Rechts-, Wirtschafts- und Sozialwissenschaften","Law, Economics and Social Sciences",Erziehungswissenschaften,Educational Sciences,Erziehungswissenschaft (Pädagogik),Educational Science (Pedagogy),52
"Rechts-, Wirtschafts- und Sozialwissenschaften","Law, Economics and Social Sciences",Erziehungswissenschaften,Educational Sciences,Pädagogik der frühen Kindheit,Early Childhood Education,365
"Rechts-, Wirtschafts- und Sozialwissenschaften","Law, Economics and Social Sciences",Erziehungswissenschaften,Educational Sciences,Grundschul-/Primärstufenpädagogik,Primary School Education/Primary Level Education,115
"Rechts-, Wirtschafts- und Sozialwissenschaften","Law, Economics and Social Sciences",Erziehungswissenschaften,Educational Sciences,Sachunterricht (einschließlich Schulgarten),General Studies (including School Garden),254
"Rechts-, Wirtschafts- und Sozialwissenschaften","Law, Economics and Social Sciences",Erziehungswissenschaften,Educational Sciences,Schulpädagogik,School Pedagogy,361
"Rechts-, Wirtschafts- und Sozialwissenschaften","Law, Economics and Social Sciences",Erziehungswissenschaften,Educational Sciences,Sonderpädagogik,Special Needs Education,190
"Rechts-, Wirtschafts- und Sozialwissenschaften","Law, Economics and Social Sciences",Kommunikationswissenschaft/Publizistik,Communication Science/Journalism,Kommunikationswissenschaft/Publizistik,Communication Science/Journalism,303
"Mathematik, Naturwissenschaften","Mathematics, Natural Sciences","Mathematik, Naturwissenschaften allgemein","Mathematics, Natural Sciences (general)",Interdisz. Studien (Schwerp. Naturwissenschaften),Interdisc. Studies (special. in Natural Sciences),49
"Mathematik, Naturwissenschaften","Mathematics, Natural Sciences","Mathematik, Naturwissenschaften allgemein","Mathematics, Natural Sciences (general)",Lernbereich Naturwissenschaft/Sachunterricht,Area of study: Natural Sciences/General Studies,186
"Mathematik, Naturwissenschaften","Mathematics, Natural Sciences","Mathematik, Naturwissenschaften allgemein","Mathematics, Natural Sciences (general)",Statistik,Statistics,312
"Mathematik, Naturwissenschaften","Mathematics, Natural Sciences",Mathematik,Mathematics,Mathematik,Mathematics,105
"Mathematik, Naturwissenschaften","Mathematics, Natural Sciences",Mathematik,Mathematics,Technomathematik,Technomathematics,118
"Mathematik, Naturwissenschaften","Mathematics, Natural Sciences",Mathematik,Mathematics,Wirtschaftsmathematik,Business Mathematics,276
"Mathematik, Naturwissenschaften","Mathematics, Natural Sciences","Physik, Astronomie","Physics, Astronomy",Astrophysik und Astronomie,Astrophysics and Astronomy,14
"Mathematik, Naturwissenschaften","Mathematics, Natural Sciences","Physik, Astronomie","Physics, Astronomy",Physik,Physics,128
"Mathematik, Naturwissenschaften","Mathematics, Natural Sciences",Chemie,Chemistry,Biochemie,Biochemistry,25
"Mathematik, Naturwissenschaften","Mathematics, Natural Sciences",Chemie,Chemistry,Chemie,Chemistry,32
"Mathematik, Naturwissenschaften","Mathematics, Natural Sciences",Chemie,Chemistry,Lebensmittelchemie,Food Chemistry,96
"Mathematik, Naturwissenschaften","Mathematics, Natural Sciences",Pharmazie,Pharmacy,Pharmazie,Pharmacy,126
"Mathematik, Naturwissenschaften","Mathematics, Natural Sciences",Biologie,Biology,Anthropologie (Humanbiologie),Anthropology (Human Biology),9
"Mathematik, Naturwissenschaften","Mathematics, Natural Sciences",Biologie,Biology,Biologie,Biology,26
"Mathematik, Naturwissenschaften","Mathematics, Natural Sciences",Biologie,Biology,Biomedizin,Biomedicine,300
"Mathematik, Naturwissenschaften","Mathematics, Natural Sciences",Biologie,Biology,Biotechnologie,Biotechnology,282
"Mathematik, Naturwissenschaften","Mathematics, Natural Sciences",Geowissenschaften (ohne Geographie),Geosciences (excl. Geography),Geologie/Paläontologie,Geology/Palaeontology,65
"Mathematik, Naturwissenschaften","Mathematics, Natural Sciences",Geowissenschaften (ohne Geographie),Geosciences (excl. Geography),Geophysik,Geophysics,66
"Mathematik, Naturwissenschaften","Mathematics, Natural Sciences",Geowissenschaften (ohne Geographie),Geosciences (excl. Geography),Geoökologie,Geoecology,385
"Mathematik, Naturwissenschaften","Mathematics, Natural Sciences",Geowissenschaften (ohne Geographie),Geosciences (excl. Geography),Geowissenschaften allgemein,Geosciences (general),39
"Mathematik, Naturwissenschaften","Mathematics, Natural Sciences",Geowissenschaften (ohne Geographie),Geosciences (excl. Geography),Meteorologie,Meteorology,110
"Mathematik, Naturwissenschaften","Mathematics, Natural Sciences",Geowissenschaften (ohne Geographie),Geosciences (excl. Geography),Mineralogie,Mineralogy,111
"Mathematik, Naturwissenschaften","Mathematics, Natural Sciences",Geowissenschaften (ohne Geographie),Geosciences (excl. Geography),Ozeanografie,Oceanography,124
"Mathematik, Naturwissenschaften","Mathematics, Natural Sciences",Geographie,Geography,Geografie/Erdkunde,Geography,50
"Mathematik, Naturwissenschaften","Mathematics, Natural Sciences",Geographie,Geography,Landschaftsökologie/Biogeographie,Landscape Ecology/Biogeography,283
"Mathematik, Naturwissenschaften","Mathematics, Natural Sciences",Geographie,Geography,Wirtschafts-/Sozialgeografie,Economic/Social Geography,178
Humanmedizin/Gesundheitswissenschaften,Human Medicine / Health Sciences,Gesundheitswissenschaften allgemein,Health Sciences (general),Gesundheitspädagogik,Health Education,195
Humanmedizin/Gesundheitswissenschaften,Human Medicine / Health Sciences,Gesundheitswissenschaften allgemein,Health Sciences (general),Gesundheitswissenschaften/-management,Health Science/Health Management,232
Humanmedizin/Gesundheitswissenschaften,Human Medicine / Health Sciences,Gesundheitswissenschaften allgemein,Health Sciences (general),Nichtärztliche Heilberufe/Therapien,Non-medical Healthcare Professions/Therapies,233
Humanmedizin/Gesundheitswissenschaften,Human Medicine / Health Sciences,Gesundheitswissenschaften allgemein,Health Sciences (general),Pflegewissenschaft/-management,Nursing Science/Nursing Management,234
Humanmedizin/Gesundheitswissenschaften,Human Medicine / Health Sciences,Humanmedizin (ohne Zahnmedizin),Human Medicine (excl. Dentistry),Medizin (Allgemein-Medizin),Medicine (General Medicine),107
Humanmedizin/Gesundheitswissenschaften,Human Medicine / Health Sciences,Zahnmedizin,Dentistry,Zahnmedizin,Dentistry,185
"Agrar-, Forst- und Ernährungswissenschaften, Veterinärmedizin","Agricultural, Forest and Nutritional Sciences, Veterinary medicine",Veterinärmedizin,Veterinary Medicine,Tiermedizin/Veterinärmedizin,Veterinary Medicine,156
"Agrar-, Forst- und Ernährungswissenschaften, Veterinärmedizin","Agricultural, Forest and Nutritional Sciences, Veterinary medicine","Landespflege, Umweltgestaltung","Land Management Engineering, Environmental Design",Landespflege/Landschaftsgestaltung,Land Management Engineering/Landscape Design,93
"Agrar-, Forst- und Ernährungswissenschaften, Veterinärmedizin","Agricultural, Forest and Nutritional Sciences, Veterinary medicine","Landespflege, Umweltgestaltung","Land Management Engineering, Environmental Design",Meliorationswesen,Ground Improvement,61
"Agrar-, Forst- und Ernährungswissenschaften, Veterinärmedizin","Agricultural, Forest and Nutritional Sciences, Veterinary medicine","Landespflege, Umweltgestaltung","Land Management Engineering, Environmental Design",Naturschutz,Nature Conservation,64
"Agrar-, Forst- und Ernährungswissenschaften, Veterinärmedizin","Agricultural, Forest and Nutritional Sciences, Veterinary medicine","Agrarwissenschaften, Lebensmittel- und Getränketechnologie","Agricultural Science, Food- and Beverage Technology",Agrarbiologie,Agricultural Biology,138
"Agrar-, Forst- und Ernährungswissenschaften, Veterinärmedizin","Agricultural, Forest and Nutritional Sciences, Veterinary medicine","Agrarwissenschaften, Lebensmittel- und Getränketechnologie","Agricultural Science, Food- and Beverage Technology",Agrarökonomie,Agricultural Economics,125
"Agrar-, Forst- und Ernährungswissenschaften, Veterinärmedizin","Agricultural, Forest and Nutritional Sciences, Veterinary medicine","Agrarwissenschaften, Lebensmittel- und Getränketechnologie","Agricultural Science, Food- and Beverage Technology",Agrarwissenschaft/Landwirtschaft,Agricultural Science/Agriculture,3
"Agrar-, Forst- und Ernährungswissenschaften, Veterinärmedizin","Agricultural, Forest and Nutritional Sciences, Veterinary medicine","Agrarwissenschaften, Lebensmittel- und Getränketechnologie","Agricultural Science, Food- and Beverage Technology",Brauwesen/Getränketechnologie,Brewing Science/Beverage Technology,28
"Agrar-, Forst- und Ernährungswissenschaften, Veterinärmedizin","Agricultural, Forest and Nutritional Sciences, Veterinary medicine","Agrarwissenschaften, Lebensmittel- und Getränketechnologie","Agricultural Science, Food- and Beverage Technology",Gartenbau,Horticulture,60
"Agrar-, Forst- und Ernährungswissenschaften, Veterinärmedizin","Agricultural, Forest and Nutritional Sciences, Veterinary medicine","Agrarwissenschaften, Lebensmittel- und Getränketechnologie","Agricultural Science, Food- and Beverage Technology",Lebensmitteltechnologie,Food Technology,97
"Agrar-, Forst- und Ernährungswissenschaften, Veterinärmedizin","Agricultural, Forest and Nutritional Sciences, Veterinary medicine","Agrarwissenschaften, Lebensmittel- und Getränketechnologie","Agricultural Science, Food- and Beverage Technology",Milch- und Molkereiwirtschaft,Dairy Farming,220
"Agrar-, Forst- und Ernährungswissenschaften, Veterinärmedizin","Agricultural, Forest and Nutritional Sciences, Veterinary medicine","Agrarwissenschaften, Lebensmittel- und Getränketechnologie","Agricultural Science, Food- and Beverage Technology",Pflanzenproduktion,Plant Production,353
"Agrar-, Forst- und Ernährungswissenschaften, Veterinärmedizin","Agricultural, Forest and Nutritional Sciences, Veterinary medicine","Agrarwissenschaften, Lebensmittel- und Getränketechnologie","Agricultural Science, Food- and Beverage Technology",Tierproduktion,Animal Production,371
"Agrar-, Forst- und Ernährungswissenschaften, Veterinärmedizin","Agricultural, Forest and Nutritional Sciences, Veterinary medicine","Agrarwissenschaften, Lebensmittel- und Getränketechnologie","Agricultural Science, Food- and Beverage Technology",Weinbau und Kellerwirtschaft,Viticulture and Oenology,227
"Agrar-, Forst- und Ernährungswissenschaften, Veterinärmedizin","Agricultural, Forest and Nutritional Sciences, Veterinary medicine","Forstwissenschaft, Holzwirtschaft","Forestry, Wood Science","Forstwissenschaft, -wirtschaft","Forest Science, Forestry",58
"Agrar-, Forst- und Ernährungswissenschaften, Veterinärmedizin","Agricultural, Forest and Nutritional Sciences, Veterinary medicine","Forstwissenschaft, Holzwirtschaft","Forestry, Wood Science",Holzwirtschaft,Wood Science,75
"Agrar-, Forst- und Ernährungswissenschaften, Veterinärmedizin","Agricultural, Forest and Nutritional Sciences, Veterinary medicine",Ernährungs- und Haushaltswissenschaften,Nutritional and Domestic Science,Ernährungswissenschaft,Nutritional Science,320
"Agrar-, Forst- und Ernährungswissenschaften, Veterinärmedizin","Agricultural, Forest and Nutritional Sciences, Veterinary medicine",Ernährungs- und Haushaltswissenschaften,Nutritional and Domestic Science,Haushalts- und Ernährungswissenschaft,Domestic and Nutritional Sciences,71
"Agrar-, Forst- und Ernährungswissenschaften, Veterinärmedizin","Agricultural, Forest and Nutritional Sciences, Veterinary medicine",Ernährungs- und Haushaltswissenschaften,Nutritional and Domestic Science,Haushaltswissenschaft,Domestic Science,333
Ingenieurwissenschaften,Engineering Sciences,Ingenieurwesen allgemein,Engineering (general ),Angewandte Systemwissenschaften,Applied Systems Science,140
Ingenieurwissenschaften,Engineering Sciences,Ingenieurwesen allgemein,Engineering (general ),Interdisz. Studien (Schwerp. Ingenieurwissensch.),Interdisc. Studies (specialising in Engineering),72
Ingenieurwissenschaften,Engineering Sciences,Ingenieurwesen allgemein,Engineering (general ),Lernbereich Technik,Area of study: Technology,199
Ingenieurwissenschaften,Engineering Sciences,Ingenieurwesen allgemein,Engineering (general ),Mechatronik,Mechatronics,380
Ingenieurwissenschaften,Engineering Sciences,Ingenieurwesen allgemein,Engineering (general ),Medientechnik,Media Technology,305
Ingenieurwissenschaften,Engineering Sciences,Ingenieurwesen allgemein,Engineering (general ),Regenerative Energien,Renewable Energy,310
Ingenieurwissenschaften,Engineering Sciences,Ingenieurwesen allgemein,Engineering (general ),Werken (technisch)/Technologie,Handicrafts (technical)/Technology,201
Ingenieurwissenschaften,Engineering Sciences,"Bergbau, Hüttenwesen ","Mining, Metallurgy",Archäometrie (Ingenieurarchäologie),Archaeometry (Archaeological Engineering),390
Ingenieurwissenschaften,Engineering Sciences,"Bergbau, Hüttenwesen ","Mining, Metallurgy",Bergbau/Bergtechnik,Mining/Mine Engineering,20
Ingenieurwissenschaften,Engineering Sciences,"Bergbau, Hüttenwesen ","Mining, Metallurgy",Hütten- und Gießereiwesen,Metallurgy and Foundry,76
Ingenieurwissenschaften,Engineering Sciences,"Bergbau, Hüttenwesen ","Mining, Metallurgy",Markscheidewesen,Mine Surveying,103
Ingenieurwissenschaften,Engineering Sciences,Maschinenbau/Verfahrenstechnik,Mechanical Engineering / Process Engineering,Abfallwirtschaft,Waste Management,141
Ingenieurwissenschaften,Engineering Sciences,Maschinenbau/Verfahrenstechnik,Mechanical Engineering / Process Engineering,Augenoptik,Ophthalmic Optics,143
Ingenieurwissenschaften,Engineering Sciences,Maschinenbau/Verfahrenstechnik,Mechanical Engineering / Process Engineering,Chemie-Ingenieurwesen/Chemieverfahrens-technik,Chemical Engineering/Chemical Process Engineering,33
Ingenieurwissenschaften,Engineering Sciences,Maschinenbau/Verfahrenstechnik,Mechanical Engineering / Process Engineering,Druck- und Reproduktionstechnik,Printing and Reproduction Technology,231
Ingenieurwissenschaften,Engineering Sciences,Maschinenbau/Verfahrenstechnik,Mechanical Engineering / Process Engineering,Energieverfahrenstechnik,Energy Process Engineering,211
Ingenieurwissenschaften,Engineering Sciences,Maschinenbau/Verfahrenstechnik,Mechanical Engineering / Process Engineering,Feinwerktechnik,Precision Engineering,212
Ingenieurwissenschaften,Engineering Sciences,Maschinenbau/Verfahrenstechnik,Mechanical Engineering / Process Engineering,Fertigungs-/Produktionstechnik,Manufacturing Technology/Production Engineering,202
Ingenieurwissenschaften,Engineering Sciences,Maschinenbau/Verfahrenstechnik,Mechanical Engineering / Process Engineering,Gesundheitstechnik,Health Technology,215
Ingenieurwissenschaften,Engineering Sciences,Maschinenbau/Verfahrenstechnik,Mechanical Engineering / Process Engineering,Glastechnik/Keramik,Glass Technology/Ceramics,216
Ingenieurwissenschaften,Engineering Sciences,Maschinenbau/Verfahrenstechnik,Mechanical Engineering / Process Engineering,Holz-/Fasertechnik,Wood and Fibre Technology,82
Ingenieurwissenschaften,Engineering Sciences,Maschinenbau/Verfahrenstechnik,Mechanical Engineering / Process Engineering,Kunststofftechnik,Plastics Technology,219
Ingenieurwissenschaften,Engineering Sciences,Maschinenbau/Verfahrenstechnik,Mechanical Engineering / Process Engineering,Maschinenbau/-wesen,Mechanical Engineering,104
Ingenieurwissenschaften,Engineering Sciences,Maschinenbau/Verfahrenstechnik,Mechanical Engineering / Process Engineering,Metalltechnik,Metals Technology,108
Ingenieurwissenschaften,Engineering Sciences,Maschinenbau/Verfahrenstechnik,Mechanical Engineering / Process Engineering,Physikalische Technik/Mechanische Verfahrenstechnik,Engineering Physics/Mechanical Process Engineering,224
Ingenieurwissenschaften,Engineering Sciences,Maschinenbau/Verfahrenstechnik,Mechanical Engineering / Process Engineering,Technische Kybernetik,Technical Cybernetics,144
Ingenieurwissenschaften,Engineering Sciences,Maschinenbau/Verfahrenstechnik,Mechanical Engineering / Process Engineering,Textil- und Bekleidungstechnik/-gewerbe,Textile and Clothing Technology/Industry,225
Ingenieurwissenschaften,Engineering Sciences,Maschinenbau/Verfahrenstechnik,Mechanical Engineering / Process Engineering,Transport-/Fördertechnik,Transport and Conveying Technology,74
Ingenieurwissenschaften,Engineering Sciences,Maschinenbau/Verfahrenstechnik,Mechanical Engineering / Process Engineering,Umwelttechnik (einschließlich Recycling),Environmental Technology (including Recycling),457
Ingenieurwissenschaften,Engineering Sciences,Maschinenbau/Verfahrenstechnik,Mechanical Engineering / Process Engineering,Verfahrenstechnik,Process Engineering,226
Ingenieurwissenschaften,Engineering Sciences,Maschinenbau/Verfahrenstechnik,Mechanical Engineering / Process Engineering,Versorgungstechnik,Supply Technology,213
Ingenieurwissenschaften,Engineering Sciences,Elektrotechnik und Informationstechnik,Electrical Engineering and Information Engineering,Elektronische Energietechnik,Electrical Power Engineering,316
Ingenieurwissenschaften,Engineering Sciences,Elektrotechnik und Informationstechnik,Electrical Engineering and Information Engineering,Elektrotechnik/Elektronik,Electrical Engineering/Electronics,48
Ingenieurwissenschaften,Engineering Sciences,Elektrotechnik und Informationstechnik,Electrical Engineering and Information Engineering,Mikroelektronik,Microelectronics,157
Ingenieurwissenschaften,Engineering Sciences,Elektrotechnik und Informationstechnik,Electrical Engineering and Information Engineering,Mikrosystemtechnik,Microsystems Technology,286
Ingenieurwissenschaften,Engineering Sciences,Elektrotechnik und Informationstechnik,Electrical Engineering and Information Engineering,Kommunikations- und Informationstechnik,"Communication Technology, Information Engineering",222
Ingenieurwissenschaften,Engineering Sciences,Elektrotechnik und Informationstechnik,Electrical Engineering and Information Engineering,Optoelektronik,Optoelectronics,88
Ingenieurwissenschaften,Engineering Sciences,"Verkehrstechnik, Nautik","Traffic Engineering, Nautical Science",Fahrzeugtechnik,Automotive Technology,235
Ingenieurwissenschaften,Engineering Sciences,"Verkehrstechnik, Nautik","Traffic Engineering, Nautical Science",Luft- und Raumfahrttechnik,Aeronautical and Aerospace Engineering,57
Ingenieurwissenschaften,Engineering Sciences,"Verkehrstechnik, Nautik","Traffic Engineering, Nautical Science",Nautik/Seefahrt,Nautical Science/Maritime Studies,223
Ingenieurwissenschaften,Engineering Sciences,"Verkehrstechnik, Nautik","Traffic Engineering, Nautical Science",Schiffbau/Schiffstechnik,Naval Architecture/Ship Technology,142
Ingenieurwissenschaften,Engineering Sciences,"Verkehrstechnik, Nautik","Traffic Engineering, Nautical Science",Verkehrsingenieurwesen,Transport Engineering,89
Ingenieurwissenschaften,Engineering Sciences,"Architektur, Innenarchitektur",Architecture and Interior Architecture,Architektur,Architecture,13
Ingenieurwissenschaften,Engineering Sciences,"Architektur, Innenarchitektur",Architecture and Interior Architecture,Innenarchitektur,Interior Architecture,242
Ingenieurwissenschaften,Engineering Sciences,Raumplanung,Spatial Planning,Raumplanung,Spatial Planning,134
Ingenieurwissenschaften,Engineering Sciences,Raumplanung,Spatial Planning,Umweltschutz,Environmental Protection,458
Ingenieurwissenschaften,Engineering Sciences,Bauingenieurwesen,Civil Engineering,Bauingenieurwesen/Ingenieurbau,Civil Engineering/Structural Engineering,17
Ingenieurwissenschaften,Engineering Sciences,Bauingenieurwesen,Civil Engineering,Holzbau,Timber Construction,197
Ingenieurwissenschaften,Engineering Sciences,Bauingenieurwesen,Civil Engineering,Stahlbau,Steel Construction,429
Ingenieurwissenschaften,Engineering Sciences,Bauingenieurwesen,Civil Engineering,Wasserbau,Hydraulic Engineering,94
Ingenieurwissenschaften,Engineering Sciences,Bauingenieurwesen,Civil Engineering,Wasserwirtschaft,Water Management,77
Ingenieurwissenschaften,Engineering Sciences,Bauingenieurwesen,Civil Engineering,Kartografie,Cartography,280
Ingenieurwissenschaften,Engineering Sciences,Bauingenieurwesen,Civil Engineering,Vermessungswesen (Geodäsie),Surveying (Geodesy),171
Ingenieurwissenschaften,Engineering Sciences,Wirtschaftsingenieurwesen mit ingenieurwissenschaftlichem Schwerpunkt,Business Engineering specialising in Engineering Sciences,Wirtschaftsingenieurw. m. ingenieurwiss. Schwerpkt.,Business Engineering spec. in Engineering Sciences,370
Ingenieurwissenschaften,Engineering Sciences,Informatik,Computer Science,Bioinformatik,Bioinformatics,221
Ingenieurwissenschaften,Engineering Sciences,Informatik,Computer Science,Computer- und Kommunikationstechniken,Computer and Communication Technology,200
Ingenieurwissenschaften,Engineering Sciences,Informatik,Computer Science,Informatik,Computer Science,79
Ingenieurwissenschaften,Engineering Sciences,Informatik,Computer Science,Ingenieurinformatik/Technische Informatik,Computational Engineer./Technical Computer Science,123
Ingenieurwissenschaften,Engineering Sciences,Informatik,Computer Science,Medieninformatik,Media Informatics,121
Ingenieurwissenschaften,Engineering Sciences,Informatik,Computer Science,Medizinische Informatik,Medical Informatics,247
Ingenieurwissenschaften,Engineering Sciences,Informatik,Computer Science,Wirtschaftsinformatik,Business Informatics,277
Ingenieurwissenschaften,Engineering Sciences,Materialwissenschaft und Werkstofftechnik,Materials Science and Materials Engineering,Materialwissenschaft,Materials Science,294
Ingenieurwissenschaften,Engineering Sciences,Materialwissenschaft und Werkstofftechnik,Materials Science and Materials Engineering,Werkstofftechnik,Materials Technology,177
"Kunst, Kunstwissenschaft","Art, Art Theory","Kunst, Kunstwissenschaft allgemein","Art, Art Theory (general)","Interdisz. Studien (Schwerp. Kunst, Kunstwissenschaft)","Interdisc. Studies (special. in Art, Art Theory)",40
"Kunst, Kunstwissenschaft","Art, Art Theory","Kunst, Kunstwissenschaft allgemein","Art, Art Theory (general)",Kunsterziehung,Arts Education,91
"Kunst, Kunstwissenschaft","Art, Art Theory","Kunst, Kunstwissenschaft allgemein","Art, Art Theory (general)","Kunstgeschichte, Kunstwissenschaft","Art History, Art Theory",92
"Kunst, Kunstwissenschaft","Art, Art Theory","Kunst, Kunstwissenschaft allgemein","Art, Art Theory (general)",Restaurierungskunde,Restoration Studies,101
"Kunst, Kunstwissenschaft","Art, Art Theory",Bildende Kunst,Fine Arts,Bildende Kunst/Grafik,Fine Arts/Graphics,23
"Kunst, Kunstwissenschaft","Art, Art Theory",Bildende Kunst,Fine Arts,Bildhauerei/Plastik,Sculpting/Statuary Art,205
"Kunst, Kunstwissenschaft","Art, Art Theory",Bildende Kunst,Fine Arts,Malerei,Painting,204
"Kunst, Kunstwissenschaft","Art, Art Theory",Bildende Kunst,Fine Arts,Neue Medien,New Media,287
"Kunst, Kunstwissenschaft","Art, Art Theory",Gestaltung,Design,Angewandte Kunst,Applied Art,7
"Kunst, Kunstwissenschaft","Art, Art Theory",Gestaltung,Design,Edelstein- und Schmuckdesign,Gemstone and Jewellery Design,159
"Kunst, Kunstwissenschaft","Art, Art Theory",Gestaltung,Design,Grafikdesign/Kommunikations-gestaltung,Graphic Design/Communication Design,69
"Kunst, Kunstwissenschaft","Art, Art Theory",Gestaltung,Design,Industriedesign/Produktgestaltung,Industrial Design/Product Design,203
"Kunst, Kunstwissenschaft","Art, Art Theory",Gestaltung,Design,Textilgestaltung,Textile Design,116
"Kunst, Kunstwissenschaft","Art, Art Theory",Gestaltung,Design,Werkerziehung,Handicrafts Education,176
"Kunst, Kunstwissenschaft","Art, Art Theory","Darstellende Kunst, Film und Fernsehen, Theaterwissenschaften","Performing Arts, Film and Television Studies, Theatre Studies",Darstellende Kunst/Bühnenkunst/Regie,Performing Arts/Stagecraft/Directing,35
"Kunst, Kunstwissenschaft","Art, Art Theory","Darstellende Kunst, Film und Fernsehen, Theaterwissenschaften","Performing Arts, Film and Television Studies, Theatre Studies",Film und Fernsehen,Film and Television Studies,54
"Kunst, Kunstwissenschaft","Art, Art Theory","Darstellende Kunst, Film und Fernsehen, Theaterwissenschaften","Performing Arts, Film and Television Studies, Theatre Studies",Schauspiel,Drama Studies,102
"Kunst, Kunstwissenschaft","Art, Art Theory","Darstellende Kunst, Film und Fernsehen, Theaterwissenschaften","Performing Arts, Film and Television Studies, Theatre Studies",Tanzpädagogik,Dance Education,106
"Kunst, Kunstwissenschaft","Art, Art Theory","Darstellende Kunst, Film und Fernsehen, Theaterwissenschaften","Performing Arts, Film and Television Studies, Theatre Studies",Theaterwissenschaft,Theatre Studies,155
"Kunst, Kunstwissenschaft","Art, Art Theory","Musik, Musikwissenschaft","Music, Musicology",Dirigieren,Conducting,192
"Kunst, Kunstwissenschaft","Art, Art Theory","Musik, Musikwissenschaft","Music, Musicology",Gesang,Singing,230
"Kunst, Kunstwissenschaft","Art, Art Theory","Musik, Musikwissenschaft","Music, Musicology",Instrumentalmusik,Instrumental Music,80
"Kunst, Kunstwissenschaft","Art, Art Theory","Musik, Musikwissenschaft","Music, Musicology",Jazz und Popularmusik,Jazz and Popular Music,164
"Kunst, Kunstwissenschaft","Art, Art Theory","Musik, Musikwissenschaft","Music, Musicology",Kirchenmusik,Church Music,193
"Kunst, Kunstwissenschaft","Art, Art Theory","Musik, Musikwissenschaft","Music, Musicology",Komposition,Composition,191
"Kunst, Kunstwissenschaft","Art, Art Theory","Musik, Musikwissenschaft","Music, Musicology",Musikerziehung,Music Education,113
"Kunst, Kunstwissenschaft","Art, Art Theory","Musik, Musikwissenschaft","Music, Musicology",Musikwissenschaft/-geschichte,Musicology/History of Music,114
"Kunst, Kunstwissenschaft","Art, Art Theory","Musik, Musikwissenschaft","Music, Musicology",Orchestermusik,Orchestral Music,165
"Kunst, Kunstwissenschaft","Art, Art Theory","Musik, Musikwissenschaft","Music, Musicology",Rhythmik,Rhythmics,163
"Kunst, Kunstwissenschaft","Art, Art Theory","Musik, Musikwissenschaft","Music, Musicology",Tonmeister,Sound Engineering,194
Außerhalb der Studienbereichsgliederung,Not specified,Außerhalb der Studienbereichsgliederung,Not specified,Studienkolleg,Foundation Course,196
Außerhalb der Studienbereichsgliederung,Not specified,Außerhalb der Studienbereichsgliederung,Not specified,Sonstige Fächer,Other subjects,290
